near_uid	far_uid	old_name	new_name	sha256_before	sha256_after	status
118	371	1770674733.1073681_118.hamsa,U=118:2,	1770674733.1073681_118.hamsa:2,	a2168acebb2d566c9a5e896dfa39debdb1e5c5c8d432a5eb73d18cd13774a844	a2168acebb2d566c9a5e896dfa39debdb1e5c5c8d432a5eb73d18cd13774a844	OK
135	401	1770674733.1073681_135.hamsa,U=135:2,R	1770674733.1073681_135.hamsa:2,R	fd486bc88fefc3985180dab102f0557ecb7167d17ae5ca1e65d8783744b5ab0a	fd486bc88fefc3985180dab102f0557ecb7167d17ae5ca1e65d8783744b5ab0a	OK
139	406	1770674735.1073681_139.hamsa,U=139:2,	1770674735.1073681_139.hamsa:2,	5feb489da58c49fb14b4c1ffe4ea0d395c9433ced32e8d556cdcec960910d378	5feb489da58c49fb14b4c1ffe4ea0d395c9433ced32e8d556cdcec960910d378	OK
154	432	1770674735.1073681_154.hamsa,U=154:2,	1770674735.1073681_154.hamsa:2,	b30d849717f85ea9e0c894e947d1c46e9ae01cbe1735f240e43c62ad4835053d	b30d849717f85ea9e0c894e947d1c46e9ae01cbe1735f240e43c62ad4835053d	OK
177	527	1770674735.1073681_177.hamsa,U=177:2,	1770674735.1073681_177.hamsa:2,	70d4e04a0ab2b2e9b6fee09c2b1b369858ce6d1f537845b42efb844c7cc739a2	70d4e04a0ab2b2e9b6fee09c2b1b369858ce6d1f537845b42efb844c7cc739a2	OK
182	532	1770674736.1073681_182.hamsa,U=182:2,	1770674736.1073681_182.hamsa:2,	72cc173fe3ed10d6dfdc240145033279eb1d52a9cd0d0144190720f73dacb778	72cc173fe3ed10d6dfdc240145033279eb1d52a9cd0d0144190720f73dacb778	OK
187	537	1770674736.1073681_187.hamsa,U=187:2,	1770674736.1073681_187.hamsa:2,	bd04c673a5543f174576663e1616fafd4cd05a5523c55270c23a11cf0963eca9	bd04c673a5543f174576663e1616fafd4cd05a5523c55270c23a11cf0963eca9	OK
195	557	1770674736.1073681_195.hamsa,U=195:2,	1770674736.1073681_195.hamsa:2,	e68487af1c8b7ff2bda2088b144bc0bf8379c88f52fa0de4c077f7d40b49da19	e68487af1c8b7ff2bda2088b144bc0bf8379c88f52fa0de4c077f7d40b49da19	OK
246	644	1770674739.1073681_246.hamsa,U=246:2,	1770674739.1073681_246.hamsa:2,	5adb90d0d0119d4460f7cffd37954269818c17f4d868e622961c94e8df5459bf	5adb90d0d0119d4460f7cffd37954269818c17f4d868e622961c94e8df5459bf	OK
247	645	1770674739.1073681_247.hamsa,U=247:2,	1770674739.1073681_247.hamsa:2,	d09366e8793c0ee699c8482e2e9cd7b2d0d7afa962c1a0f34de321456f2545cf	d09366e8793c0ee699c8482e2e9cd7b2d0d7afa962c1a0f34de321456f2545cf	OK
248	646	1770674739.1073681_248.hamsa,U=248:2,	1770674739.1073681_248.hamsa:2,	a65e84b99970b7f6851b2bdb63a5ee9dac549382a8fa17cd38b3af1dcc8b96ed	a65e84b99970b7f6851b2bdb63a5ee9dac549382a8fa17cd38b3af1dcc8b96ed	OK
249	647	1770674739.1073681_249.hamsa,U=249:2,	1770674739.1073681_249.hamsa:2,	c6342c4b6b1d70df04071f94227e73d51aba74852b1300acbb9a141ce766b468	c6342c4b6b1d70df04071f94227e73d51aba74852b1300acbb9a141ce766b468	OK
250	648	1770674739.1073681_250.hamsa,U=250:2,	1770674739.1073681_250.hamsa:2,	bd68f7022f89b928a97dc807fc47d55c970c9ff6ec60e26c7bd1ca8e56912bf6	bd68f7022f89b928a97dc807fc47d55c970c9ff6ec60e26c7bd1ca8e56912bf6	OK
273	683	1770674740.1073681_273.hamsa,U=273:2,	1770674740.1073681_273.hamsa:2,	debb96f4490b1ffbdf43c21cec9924a200c8d4e714742ebe6289c2e21b03b0d5	debb96f4490b1ffbdf43c21cec9924a200c8d4e714742ebe6289c2e21b03b0d5	OK
275	686	1770674740.1073681_275.hamsa,U=275:2,	1770674740.1073681_275.hamsa:2,	d5475a505bad6eac98711e85edb66d498f186c3dd8900ba22bc599cbcdfe4e42	d5475a505bad6eac98711e85edb66d498f186c3dd8900ba22bc599cbcdfe4e42	OK
302	747	1770674741.1073681_302.hamsa,U=302:2,	1770674741.1073681_302.hamsa:2,	6840a8495911a1b2e3980463ef5b0239a61526a2aa934a8ddcf39d07b4263ebf	6840a8495911a1b2e3980463ef5b0239a61526a2aa934a8ddcf39d07b4263ebf	OK
306	754	1770674741.1073681_306.hamsa,U=306:2,	1770674741.1073681_306.hamsa:2,	98efe7b217ca7a4ed2390a6e3a7e4b89df310ade332035189720c55444927524	98efe7b217ca7a4ed2390a6e3a7e4b89df310ade332035189720c55444927524	OK
310	787	1770674741.1073681_310.hamsa,U=310:2,	1770674741.1073681_310.hamsa:2,	a6ecb35fe2ee46fb78304e08f72b18ce0a5ffdc3322b274b0f8101585923f6ca	a6ecb35fe2ee46fb78304e08f72b18ce0a5ffdc3322b274b0f8101585923f6ca	OK
334	1035	1770674743.1073681_334.hamsa,U=334:2,	1770674743.1073681_334.hamsa:2,	5fe70b25c0931e1ddace952248703ebb663e59828c5743d39820b7036eed293d	5fe70b25c0931e1ddace952248703ebb663e59828c5743d39820b7036eed293d	OK
351	1211	1770674751.1073681_351.hamsa,U=351:2,	1770674751.1073681_351.hamsa:2,	4a2e166f6e4590fee31b7398b43b933c634788d0d453d23f64c9ad15c583db31	4a2e166f6e4590fee31b7398b43b933c634788d0d453d23f64c9ad15c583db31	OK
370	1261	1770674752.1073681_370.hamsa,U=370:2,	1770674752.1073681_370.hamsa:2,	dc77827de4a0c03e26f538d181b5da4f8e772ced2c6ad196dfdad95e1dd5a89d	dc77827de4a0c03e26f538d181b5da4f8e772ced2c6ad196dfdad95e1dd5a89d	OK
375	1269	1770674752.1073681_375.hamsa,U=375:2,	1770674752.1073681_375.hamsa:2,	515eb8a9ca9cb8381553a75550e79c1e22ffa5f4ccea0ff04d9b97cbd36ec7c5	515eb8a9ca9cb8381553a75550e79c1e22ffa5f4ccea0ff04d9b97cbd36ec7c5	OK
379	1281	1770674752.1073681_379.hamsa,U=379:2,	1770674752.1073681_379.hamsa:2,	d884e7939d92dda9bc5b42ca4150958d9e894233d33e5d3e87cbe6bfdbd30d7a	d884e7939d92dda9bc5b42ca4150958d9e894233d33e5d3e87cbe6bfdbd30d7a	OK
380	1282	1770674752.1073681_380.hamsa,U=380:2,	1770674752.1073681_380.hamsa:2,	91b0dd035e0c251ca3bd4123b7281697e39d0ef908fb30a31b27f3485b8d57a8	91b0dd035e0c251ca3bd4123b7281697e39d0ef908fb30a31b27f3485b8d57a8	OK
381	1287	1770674752.1073681_381.hamsa,U=381:2,	1770674752.1073681_381.hamsa:2,	e75058c5188212512ce89e8c40bf79b9427c0bdf575599aaa3e268a1a89febdb	e75058c5188212512ce89e8c40bf79b9427c0bdf575599aaa3e268a1a89febdb	OK
382	1297	1770674752.1073681_382.hamsa,U=382:2,	1770674752.1073681_382.hamsa:2,	384ce66cebdb6f51369ed773f7c1e131d7719e434122b7402ccdbbcad4bc6991	384ce66cebdb6f51369ed773f7c1e131d7719e434122b7402ccdbbcad4bc6991	OK
383	1298	1770674752.1073681_383.hamsa,U=383:2,	1770674752.1073681_383.hamsa:2,	5b7e539850fd5502305db40290b67adc91b7e12bf9e5db09678dac41deb58a3b	5b7e539850fd5502305db40290b67adc91b7e12bf9e5db09678dac41deb58a3b	OK
391	1320	1770674752.1073681_391.hamsa,U=391:2,	1770674752.1073681_391.hamsa:2,	ad9301bf3a0ed4b07150ce0cf61b8afb454b5a92d2d1aa27824a37f3bf6a2297	ad9301bf3a0ed4b07150ce0cf61b8afb454b5a92d2d1aa27824a37f3bf6a2297	OK
394	1328	1770674752.1073681_394.hamsa,U=394:2,	1770674752.1073681_394.hamsa:2,	e99ae03576237169dfea956efdb7216050632f5ece2204f744994229f7bb2e4e	e99ae03576237169dfea956efdb7216050632f5ece2204f744994229f7bb2e4e	OK
408	1349	1770674754.1073681_408.hamsa,U=408:2,	1770674754.1073681_408.hamsa:2,	a922b1afbd95f338bb47e03a5d081625ae6a8de965a40709eea50d52204864c2	a922b1afbd95f338bb47e03a5d081625ae6a8de965a40709eea50d52204864c2	OK
533	1739	1770674764.1073681_533.hamsa,U=533:2,	1770674764.1073681_533.hamsa:2,	e10571f96a88945b27a9452abebe1b6ccaa924a4de70afcd3296f7dcfb6786c4	e10571f96a88945b27a9452abebe1b6ccaa924a4de70afcd3296f7dcfb6786c4	OK
587	1941	1770674767.1073681_587.hamsa,U=587:2,	1770674767.1073681_587.hamsa:2,	531ad3d32f3c6aa237b9d560c6c54cd42a702cfa0681e8399ffd61787bb85703	531ad3d32f3c6aa237b9d560c6c54cd42a702cfa0681e8399ffd61787bb85703	OK
628	2076	1770674767.1073681_628.hamsa,U=628:2,	1770674767.1073681_628.hamsa:2,	0ffc3a509a8c569b4c26a8f0d71298769a26df5269b1d3bd0fada26dd68483ef	0ffc3a509a8c569b4c26a8f0d71298769a26df5269b1d3bd0fada26dd68483ef	OK
633	2102	1770674767.1073681_633.hamsa,U=633:2,	1770674767.1073681_633.hamsa:2,	77fd237b61d1f69c7969c28ef4727113808521ea21285c3d6d73e783cad1deda	77fd237b61d1f69c7969c28ef4727113808521ea21285c3d6d73e783cad1deda	OK
640	2132	1770674768.1073681_640.hamsa,U=640:2,R	1770674768.1073681_640.hamsa:2,R	0ce41853fad4cce88be5d5d44e8cd52cc44512a17747c6fc6296de0fd3d3d380	0ce41853fad4cce88be5d5d44e8cd52cc44512a17747c6fc6296de0fd3d3d380	OK
647	2157	1770674768.1073681_647.hamsa,U=647:2,	1770674768.1073681_647.hamsa:2,	4b5efb10ecef59213092f7440f48d1b3a5dd5c0c76e2783fd2c29c877782df7b	4b5efb10ecef59213092f7440f48d1b3a5dd5c0c76e2783fd2c29c877782df7b	OK
663	2191	1770674768.1073681_663.hamsa,U=663:2,	1770674768.1073681_663.hamsa:2,	e1715b0fce014b79674a2419c93b21e45a7e71bcc17674bb21f6dc61160193fc	e1715b0fce014b79674a2419c93b21e45a7e71bcc17674bb21f6dc61160193fc	OK
666	2194	1770674769.1073681_666.hamsa,U=666:2,F	1770674769.1073681_666.hamsa:2,F	1f6dcddb82701e17c427687ff090962105bc77b89d5593bc80ced70eb9351227	1f6dcddb82701e17c427687ff090962105bc77b89d5593bc80ced70eb9351227	OK
675	2259	1770674773.1073681_675.hamsa,U=675:2,	1770674773.1073681_675.hamsa:2,	394d24d37be2c668544b7dad3a2c4aee72fc62f56e04519f2a9dfc9efe1af4f9	394d24d37be2c668544b7dad3a2c4aee72fc62f56e04519f2a9dfc9efe1af4f9	OK
676	2261	1770674773.1073681_676.hamsa,U=676:2,	1770674773.1073681_676.hamsa:2,	89a706ca225e2ca5362fba7cfba63b7c670fba72900fd51b7a133e2249571de9	89a706ca225e2ca5362fba7cfba63b7c670fba72900fd51b7a133e2249571de9	OK
721	2395	1770674778.1073681_721.hamsa,U=721:2,	1770674778.1073681_721.hamsa:2,	aac1c6b67a964b30edc986fc095379127bf10eb09ea6f172ae8c15e896f28312	aac1c6b67a964b30edc986fc095379127bf10eb09ea6f172ae8c15e896f28312	OK
773	2562	1770674788.1073681_773.hamsa,U=773:2,	1770674788.1073681_773.hamsa:2,	95690b1f999c56cedfa86290ae14ca6dd8a1c52735786ba9e9e81dae9fd2c62f	95690b1f999c56cedfa86290ae14ca6dd8a1c52735786ba9e9e81dae9fd2c62f	OK
778	2575	1770674788.1073681_778.hamsa,U=778:2,	1770674788.1073681_778.hamsa:2,	50ae65516bf76e7c370eb465f72cc3e9472ebfbe24acb3de536ecc6cb10daa10	50ae65516bf76e7c370eb465f72cc3e9472ebfbe24acb3de536ecc6cb10daa10	OK
791	2602	1770674788.1073681_791.hamsa,U=791:2,	1770674788.1073681_791.hamsa:2,	441b9862d9a41942433745792bc1bce3975ea3b770488b9620f43c53b6e0f468	441b9862d9a41942433745792bc1bce3975ea3b770488b9620f43c53b6e0f468	OK
815	2659	1770674789.1073681_815.hamsa,U=815:2,	1770674789.1073681_815.hamsa:2,	68811d793f6e7abbc7681aa116f435bacff17a3e713a218959a46cb7ec14e70e	68811d793f6e7abbc7681aa116f435bacff17a3e713a218959a46cb7ec14e70e	OK
833	2718	1770674790.1073681_833.hamsa,U=833:2,	1770674790.1073681_833.hamsa:2,	e360af53f2b7834a7d36570efd121a4c90c15bdca454a6c5207b072164712705	e360af53f2b7834a7d36570efd121a4c90c15bdca454a6c5207b072164712705	OK
838	2731	1770674790.1073681_838.hamsa,U=838:2,	1770674790.1073681_838.hamsa:2,	cf96911086bc897336ac64f6f3cd05e42aae148d5870c8054133d1e2222fc8ac	cf96911086bc897336ac64f6f3cd05e42aae148d5870c8054133d1e2222fc8ac	OK
862	2915	1770674793.1073681_862.hamsa,U=862:2,	1770674793.1073681_862.hamsa:2,	68c6c44254d0db07453a92067bb390301877afb38c064de342a7ce577c500511	68c6c44254d0db07453a92067bb390301877afb38c064de342a7ce577c500511	OK
899	3098	1770674797.1073681_899.hamsa,U=899:2,	1770674797.1073681_899.hamsa:2,	4e7ec801d3e39ddd62a9a54381c450c26992f8f2b66d23e196b2477b5e816fe5	4e7ec801d3e39ddd62a9a54381c450c26992f8f2b66d23e196b2477b5e816fe5	OK
958	3378	1770674805.1073681_958.hamsa,U=958:2,R	1770674805.1073681_958.hamsa:2,R	c43d540bca7f990fa6a469ebf787ab9ecf005df15146849674bd084aa952e27a	c43d540bca7f990fa6a469ebf787ab9ecf005df15146849674bd084aa952e27a	OK
967	3397	1770674805.1073681_967.hamsa,U=967:2,	1770674805.1073681_967.hamsa:2,	1e83b622b361cc38c8ce831b10eda96070c7c432db39dd9f49f1bd70be8b16d5	1e83b622b361cc38c8ce831b10eda96070c7c432db39dd9f49f1bd70be8b16d5	OK
973	3422	1770674813.1073681_973.hamsa,U=973:2,	1770674813.1073681_973.hamsa:2,	861bb2d7d2e1849dcda33c71f989506e82fd732ec80769bd4664dc3dd316e2da	861bb2d7d2e1849dcda33c71f989506e82fd732ec80769bd4664dc3dd316e2da	OK
988	3451	1770674813.1073681_988.hamsa,U=988:2,	1770674813.1073681_988.hamsa:2,	b64741bfda8b8ce00e9987bb5f6a76a9d4d75927cbf5f0bcf9a7a75350f2a269	b64741bfda8b8ce00e9987bb5f6a76a9d4d75927cbf5f0bcf9a7a75350f2a269	OK
1060	3692	1770674825.1073681_1060.hamsa,U=1060:2,	1770674825.1073681_1060.hamsa:2,	f0c9c2d96d6a0ff63f2050c8a50566d32a84bb646536e2ec613502b940fdd2f0	f0c9c2d96d6a0ff63f2050c8a50566d32a84bb646536e2ec613502b940fdd2f0	OK
1082	3818	1770674830.1073681_1082.hamsa,U=1082:2,	1770674830.1073681_1082.hamsa:2,	973d993b5aa1b0787e429d265c499c2fa2ade3ba788917441169666d8d87f134	973d993b5aa1b0787e429d265c499c2fa2ade3ba788917441169666d8d87f134	OK
1083	3822	1770674830.1073681_1083.hamsa,U=1083:2,	1770674830.1073681_1083.hamsa:2,	9f3014f7821d595912b81ac95c65be2f467487c4b4ea840b92b4b056d875c87e	9f3014f7821d595912b81ac95c65be2f467487c4b4ea840b92b4b056d875c87e	OK
1084	3825	1770674830.1073681_1084.hamsa,U=1084:2,	1770674830.1073681_1084.hamsa:2,	9516d1ee9fc17951835f7771a1d14d34aaf59fb1e1c8ca6bbee65e2f2229ace8	9516d1ee9fc17951835f7771a1d14d34aaf59fb1e1c8ca6bbee65e2f2229ace8	OK
1125	4010	1770674833.1073681_1125.hamsa,U=1125:2,	1770674833.1073681_1125.hamsa:2,	e78acf28b4ce6535a9e7afc8bfc4075599991cba84efc9da01ae079950cc7aab	e78acf28b4ce6535a9e7afc8bfc4075599991cba84efc9da01ae079950cc7aab	OK
1140	4064	1770674836.1073681_1140.hamsa,U=1140:2,	1770674836.1073681_1140.hamsa:2,	ed41c430cb0e6bc7866b17bfb5f62fe85d03d40708d453c3d7c8319e48fc842d	ed41c430cb0e6bc7866b17bfb5f62fe85d03d40708d453c3d7c8319e48fc842d	OK
1153	4099	1770674837.1073681_1153.hamsa,U=1153:2,	1770674837.1073681_1153.hamsa:2,	7b35033884b33e74a2106f1bc0060a18eee6bc1372f96c154e17d138c6d9584f	7b35033884b33e74a2106f1bc0060a18eee6bc1372f96c154e17d138c6d9584f	OK
1155	4101	1770674837.1073681_1155.hamsa,U=1155:2,F	1770674837.1073681_1155.hamsa:2,F	4399ea69142bf84d3c3998b0991e02f2e4fcf066f4975bce766213e265df5aec	4399ea69142bf84d3c3998b0991e02f2e4fcf066f4975bce766213e265df5aec	OK
1156	4102	1770674837.1073681_1156.hamsa,U=1156:2,	1770674837.1073681_1156.hamsa:2,	8a3977675428dff1097beac53b5384264300ceb7df7556fff4d603440f888c33	8a3977675428dff1097beac53b5384264300ceb7df7556fff4d603440f888c33	OK
1189	4294	1770674839.1073681_1189.hamsa,U=1189:2,	1770674839.1073681_1189.hamsa:2,	53c7dd36732fe238c9b749fb5a692ecd938f22fda74eb9a91908217f8421f47a	53c7dd36732fe238c9b749fb5a692ecd938f22fda74eb9a91908217f8421f47a	OK
1222	4476	1770674848.1073681_1222.hamsa,U=1222:2,	1770674848.1073681_1222.hamsa:2,	840b1668eb69abf7b8464247161b632623f9b794fc9428b5e049fcaa7eca028c	840b1668eb69abf7b8464247161b632623f9b794fc9428b5e049fcaa7eca028c	OK
1237	4533	1770674850.1073681_1237.hamsa,U=1237:2,	1770674850.1073681_1237.hamsa:2,	fbc1d39ddd251865290583b6f0bd324e17987f1d03d013f21bf868ed7ea06fff	fbc1d39ddd251865290583b6f0bd324e17987f1d03d013f21bf868ed7ea06fff	OK
1253	4630	1770674850.1073681_1253.hamsa,U=1253:2,	1770674850.1073681_1253.hamsa:2,	0ad9e7f93863485096e4297546437a3722fa1717f2d241ea75bf072f1888bbcc	0ad9e7f93863485096e4297546437a3722fa1717f2d241ea75bf072f1888bbcc	OK
1293	4782	1770674850.1073681_1293.hamsa,U=1293:2,	1770674850.1073681_1293.hamsa:2,	2f4b9793a467d747f249c564a1607958ea1e5739e8f8a55ec1b74414b4592cbc	2f4b9793a467d747f249c564a1607958ea1e5739e8f8a55ec1b74414b4592cbc	OK
1298	4804	1770674851.1073681_1298.hamsa,U=1298:2,	1770674851.1073681_1298.hamsa:2,	058375357636affe13ad8742ee3258e287ea6c41832ed58dbc9edcacd8ad0ce3	058375357636affe13ad8742ee3258e287ea6c41832ed58dbc9edcacd8ad0ce3	OK
1302	4822	1770674851.1073681_1302.hamsa,U=1302:2,	1770674851.1073681_1302.hamsa:2,	c707320e0fd715a7bcd24e93da66c8cf18b376eb99b9ec0a9fd26508672f7e87	c707320e0fd715a7bcd24e93da66c8cf18b376eb99b9ec0a9fd26508672f7e87	OK
1305	4839	1770674851.1073681_1305.hamsa,U=1305:2,	1770674851.1073681_1305.hamsa:2,	d112427dbfc82ba8e0ce064c4e524edd3e0beec7ba3af4cb0a47f3fca669fb03	d112427dbfc82ba8e0ce064c4e524edd3e0beec7ba3af4cb0a47f3fca669fb03	OK
1308	4851	1770674851.1073681_1308.hamsa,U=1308:2,	1770674851.1073681_1308.hamsa:2,	9fff15b950433bd3e979884a24a1c504c10e7a7e3c379d06510e5157a52599ed	9fff15b950433bd3e979884a24a1c504c10e7a7e3c379d06510e5157a52599ed	OK
1312	4923	1770674851.1073681_1312.hamsa,U=1312:2,	1770674851.1073681_1312.hamsa:2,	9ca3bc50257a295bea866f39952493c7e925ce3769f08d8d8872a39b07a4d0ad	9ca3bc50257a295bea866f39952493c7e925ce3769f08d8d8872a39b07a4d0ad	OK
1346	5194	1770674861.1073681_1346.hamsa,U=1346:2,	1770674861.1073681_1346.hamsa:2,	580137495f0458378aa585dd6266bed31776ac475dbfb117283803b1e33a7503	580137495f0458378aa585dd6266bed31776ac475dbfb117283803b1e33a7503	OK
1360	5444	1770674862.1073681_1360.hamsa,U=1360:2,	1770674862.1073681_1360.hamsa:2,	499a09e7634e138ea631e7940b504ab422e7ee10e05b22fa347d1c8dcb1404c9	499a09e7634e138ea631e7940b504ab422e7ee10e05b22fa347d1c8dcb1404c9	OK
1363	5482	1770674862.1073681_1363.hamsa,U=1363:2,	1770674862.1073681_1363.hamsa:2,	4c541c3bdf437c93a13fd2bde12d7d018f4332e829a8b9ef446ea196240ac117	4c541c3bdf437c93a13fd2bde12d7d018f4332e829a8b9ef446ea196240ac117	OK
1364	5490	1770674862.1073681_1364.hamsa,U=1364:2,	1770674862.1073681_1364.hamsa:2,	323769313e75dbe67126cc93e4d7e31eee1d5a0da0ecdac49e4ad16f044feec2	323769313e75dbe67126cc93e4d7e31eee1d5a0da0ecdac49e4ad16f044feec2	OK
1379	5604	1770674863.1073681_1379.hamsa,U=1379:2,	1770674863.1073681_1379.hamsa:2,	d954577a745debe257b82683efe7f8660b352a5fba488de5137246ed2f07d4a9	d954577a745debe257b82683efe7f8660b352a5fba488de5137246ed2f07d4a9	OK
1390	5795	1770674863.1073681_1390.hamsa,U=1390:2,R	1770674863.1073681_1390.hamsa:2,R	fc763bbea7ef81c48ce6dfa04f7900bd2c07f8b440237c8e381920f35a43385e	fc763bbea7ef81c48ce6dfa04f7900bd2c07f8b440237c8e381920f35a43385e	OK
1400	5912	1770674863.1073681_1400.hamsa,U=1400:2,R	1770674863.1073681_1400.hamsa:2,R	e580e8bcaa381b5783f77d5a5b0ec9c0ed233a8c427470efe8f5a233b26bd21f	e580e8bcaa381b5783f77d5a5b0ec9c0ed233a8c427470efe8f5a233b26bd21f	OK
1411	5970	1770674863.1073681_1411.hamsa,U=1411:2,	1770674863.1073681_1411.hamsa:2,	1ee186f7985e1e11bc1946057688a8ce7634e83608800c61436a003bff08c671	1ee186f7985e1e11bc1946057688a8ce7634e83608800c61436a003bff08c671	OK
1415	5978	1770674863.1073681_1415.hamsa,U=1415:2,	1770674863.1073681_1415.hamsa:2,	c2e10a60f523ddbbc90912048d12f49872c17ef929974d5ce2ffb8941fa9be99	c2e10a60f523ddbbc90912048d12f49872c17ef929974d5ce2ffb8941fa9be99	OK
1432	6054	1770674865.1073681_1432.hamsa,U=1432:2,	1770674865.1073681_1432.hamsa:2,	40c1084562bb123e12a86460c2ec8283938ead9b4b9cdcea25e13cb944438d35	40c1084562bb123e12a86460c2ec8283938ead9b4b9cdcea25e13cb944438d35	OK
1443	6090	1770674866.1073681_1443.hamsa,U=1443:2,	1770674866.1073681_1443.hamsa:2,	61fc3134222b25c2e33904ad1e12caccadecacd54c4e3bb138d7ac8b8e989e15	61fc3134222b25c2e33904ad1e12caccadecacd54c4e3bb138d7ac8b8e989e15	OK
1448	6130	1770674866.1073681_1448.hamsa,U=1448:2,	1770674866.1073681_1448.hamsa:2,	f72a49bf7488ab74df7bb044c0254e4f5404e2aae9faff647f46977ba174548a	f72a49bf7488ab74df7bb044c0254e4f5404e2aae9faff647f46977ba174548a	OK
1456	6153	1770674867.1073681_1456.hamsa,U=1456:2,	1770674867.1073681_1456.hamsa:2,	549155362989cadde48b006df016c47e9ecae9d5513c0bae97bf96caaa9bb5cb	549155362989cadde48b006df016c47e9ecae9d5513c0bae97bf96caaa9bb5cb	OK
1459	6178	1770674867.1073681_1459.hamsa,U=1459:2,	1770674867.1073681_1459.hamsa:2,	86df581281d70c763df0d7715ebc34d0942650a10aec1e3bd4ab9bf23ab0c091	86df581281d70c763df0d7715ebc34d0942650a10aec1e3bd4ab9bf23ab0c091	OK
1461	6182	1770674867.1073681_1461.hamsa,U=1461:2,	1770674867.1073681_1461.hamsa:2,	d4d1019f49d72f8b9f1eb28d9172837c2dfb4bcd69973d7598b944cc85218912	d4d1019f49d72f8b9f1eb28d9172837c2dfb4bcd69973d7598b944cc85218912	OK
1466	6192	1770674867.1073681_1466.hamsa,U=1466:2,	1770674867.1073681_1466.hamsa:2,	856e592ef394d40308c16bd24a6dac769ece124281a7957c1e4b19eb8672fdc1	856e592ef394d40308c16bd24a6dac769ece124281a7957c1e4b19eb8672fdc1	OK
1470	6278	1770674867.1073681_1470.hamsa,U=1470:2,	1770674867.1073681_1470.hamsa:2,	bcc85c7668077cb9c6623b076345104076f56854c0125fd2519efe8883ac74d8	bcc85c7668077cb9c6623b076345104076f56854c0125fd2519efe8883ac74d8	OK
1489	6327	1770674868.1073681_1489.hamsa,U=1489:2,	1770674868.1073681_1489.hamsa:2,	df329f2e0444f8fb4af03c42f9e34dacf03f62b8ca200516ce639319870e739e	df329f2e0444f8fb4af03c42f9e34dacf03f62b8ca200516ce639319870e739e	OK
1491	6332	1770674868.1073681_1491.hamsa,U=1491:2,	1770674868.1073681_1491.hamsa:2,	6aa65f1cafa8b77a526748d6859994541eb9a48048e3d88a2dc957de3d4435ac	6aa65f1cafa8b77a526748d6859994541eb9a48048e3d88a2dc957de3d4435ac	OK
1506	6399	1770674871.1073681_1506.hamsa,U=1506:2,	1770674871.1073681_1506.hamsa:2,	d551b34b0e19150430562223be42613bbce52849987331b781ba3e7a0f673d25	d551b34b0e19150430562223be42613bbce52849987331b781ba3e7a0f673d25	OK
1515	6466	1770674871.1073681_1515.hamsa,U=1515:2,	1770674871.1073681_1515.hamsa:2,	cf504b29d20869a750374d8ed7fa6e66b5e5052c381f4e804af8749fb140acf1	cf504b29d20869a750374d8ed7fa6e66b5e5052c381f4e804af8749fb140acf1	OK
1521	6478	1770674871.1073681_1521.hamsa,U=1521:2,	1770674871.1073681_1521.hamsa:2,	808b56fde775edd9512effe0952680032b152587c3652a1598994a466cef2a25	808b56fde775edd9512effe0952680032b152587c3652a1598994a466cef2a25	OK
1551	6539	1770674873.1073681_1551.hamsa,U=1551:2,	1770674873.1073681_1551.hamsa:2,	e7ffc8e7cb444ede43d6ed8bfcf49149642b30bf6a8c2e8a7bba714d7b2dad1a	e7ffc8e7cb444ede43d6ed8bfcf49149642b30bf6a8c2e8a7bba714d7b2dad1a	OK
1558	6558	1770674874.1073681_1558.hamsa,U=1558:2,	1770674874.1073681_1558.hamsa:2,	4d2f6b004642facc01424f4a56f9d30774410ba15f7f4fc87b1c99fcb3c6b1e3	4d2f6b004642facc01424f4a56f9d30774410ba15f7f4fc87b1c99fcb3c6b1e3	OK
1573	6595	1770674876.1073681_1573.hamsa,U=1573:2,	1770674876.1073681_1573.hamsa:2,	ba6adf4f2860e5a839389ac2e752973375b14052fa7d8e6f29383c8b7cecacc8	ba6adf4f2860e5a839389ac2e752973375b14052fa7d8e6f29383c8b7cecacc8	OK
1574	6596	1770674876.1073681_1574.hamsa,U=1574:2,	1770674876.1073681_1574.hamsa:2,	fca8c54b5974f2d31d0e89ee2b261e06b119dc23185391a6ab9e221bad266cd0	fca8c54b5974f2d31d0e89ee2b261e06b119dc23185391a6ab9e221bad266cd0	OK
1584	6609	1770674877.1073681_1584.hamsa,U=1584:2,	1770674877.1073681_1584.hamsa:2,	5db11900dd50a08d92097eff55a2404f51488e3c5a286e2da94afb318c1c88ff	5db11900dd50a08d92097eff55a2404f51488e3c5a286e2da94afb318c1c88ff	OK
1589	6633	1770674877.1073681_1589.hamsa,U=1589:2,	1770674877.1073681_1589.hamsa:2,	33fef7ba15cb6d8a769e8af0006bda2932ec0bf3b22f5d006e8908446e559319	33fef7ba15cb6d8a769e8af0006bda2932ec0bf3b22f5d006e8908446e559319	OK
1617	6713	1770674883.1073681_1617.hamsa,U=1617:2,	1770674883.1073681_1617.hamsa:2,	6128df18551f5f89a7b0339240ec9007f97f9977d1002b0a567bc7f23271449c	6128df18551f5f89a7b0339240ec9007f97f9977d1002b0a567bc7f23271449c	OK
1637	6795	1770674883.1073681_1637.hamsa,U=1637:2,	1770674883.1073681_1637.hamsa:2,	5111eb5b05e2fcfbf80db4660d075bdb597f75bb00dcc51783144e233c7d9c51	5111eb5b05e2fcfbf80db4660d075bdb597f75bb00dcc51783144e233c7d9c51	OK
1640	6799	1770674883.1073681_1640.hamsa,U=1640:2,	1770674883.1073681_1640.hamsa:2,	f7a631c56a30877165bfe28c4f11b45580e658314645ea8c08b13c5b32269586	f7a631c56a30877165bfe28c4f11b45580e658314645ea8c08b13c5b32269586	OK
3349	22313	1770676972.1089134_1109.hamsa,U=3349:2,	1770676972.1089134_1109.hamsa:2,	8d0c422c19680c3a67c21758a10c83dbe75b418e1a0751e608aa218ec556f981	8d0c422c19680c3a67c21758a10c83dbe75b418e1a0751e608aa218ec556f981	OK
3364	22339	1770676972.1089134_1124.hamsa,U=3364:2,	1770676972.1089134_1124.hamsa:2,	e494774915290d3606124e3eac3e7683ce2c606b64374f8e31906c5f71b62ea2	e494774915290d3606124e3eac3e7683ce2c606b64374f8e31906c5f71b62ea2	OK
3404	22576	1770676977.1089134_1164.hamsa,U=3404:2,F	1770676977.1089134_1164.hamsa:2,F	83ad1b1d6b0e25b7faaa4702dedfa91317ee3a263ba53fb40e79023578bf217e	83ad1b1d6b0e25b7faaa4702dedfa91317ee3a263ba53fb40e79023578bf217e	OK
3406	22578	1770676977.1089134_1166.hamsa,U=3406:2,	1770676977.1089134_1166.hamsa:2,	912405f6589c46cb935f6092057085b0c41a4b1976959c6628c61b814138513d	912405f6589c46cb935f6092057085b0c41a4b1976959c6628c61b814138513d	OK
3727	24258	1770677017.1089134_1487.hamsa,U=3727:2,	1770677017.1089134_1487.hamsa:2,	eac05a0d658bd41ad4a4fe434658474dde92d0c704b3b4a9c464a1ce2b21fc9e	eac05a0d658bd41ad4a4fe434658474dde92d0c704b3b4a9c464a1ce2b21fc9e	OK
3794	24962	1770677019.1089134_1554.hamsa,U=3794:2,	1770677019.1089134_1554.hamsa:2,	839f92a45f31c3313424b5336729aa417b4df965f1343bacb7dedfe049a87923	839f92a45f31c3313424b5336729aa417b4df965f1343bacb7dedfe049a87923	OK
3824	25247	1770677021.1089134_1584.hamsa,U=3824:2,	1770677021.1089134_1584.hamsa:2,	5a65a988cd20244e8cad3c181909f653707459cab17b309c73929922e36a67ba	5a65a988cd20244e8cad3c181909f653707459cab17b309c73929922e36a67ba	OK
3837	25449	1770677021.1089134_1597.hamsa,U=3837:2,	1770677021.1089134_1597.hamsa:2,	6c2e01e8f8f02e2c0dff58d17f81610de3e8aa32a9485380b6690b7026e34305	6c2e01e8f8f02e2c0dff58d17f81610de3e8aa32a9485380b6690b7026e34305	OK
3840	25464	1770677021.1089134_1600.hamsa,U=3840:2,	1770677021.1089134_1600.hamsa:2,	3a8fc98b1292fbea360caba091f59cc0af0d349ae95fb9b18612f23cfce37ce4	3a8fc98b1292fbea360caba091f59cc0af0d349ae95fb9b18612f23cfce37ce4	OK
3846	25474	1770677021.1089134_1606.hamsa,U=3846:2,	1770677021.1089134_1606.hamsa:2,	c69f562a7e51b1265c962ad6a057dec33d5b812369ca22b1bee5eb503b92462a	c69f562a7e51b1265c962ad6a057dec33d5b812369ca22b1bee5eb503b92462a	OK
3847	25475	1770677021.1089134_1607.hamsa,U=3847:2,	1770677021.1089134_1607.hamsa:2,	81f550ecfe72b89c0224e3e8793ed73ddd04caf3b368c28812883a1cb1c6455c	81f550ecfe72b89c0224e3e8793ed73ddd04caf3b368c28812883a1cb1c6455c	OK
3849	25481	1770677021.1089134_1609.hamsa,U=3849:2,	1770677021.1089134_1609.hamsa:2,	d264883be019f1c3f43cd742775978d9879a1db2f27eb9a5560df8737aa87c81	d264883be019f1c3f43cd742775978d9879a1db2f27eb9a5560df8737aa87c81	OK
3853	25707	1770677021.1089134_1613.hamsa,U=3853:2,	1770677021.1089134_1613.hamsa:2,	c26bb3f8e1e3d2b5ab48492b9ca964ba6b7f5e4bf6d82fe2f9f93c95f2ab9fdd	c26bb3f8e1e3d2b5ab48492b9ca964ba6b7f5e4bf6d82fe2f9f93c95f2ab9fdd	OK
3882	25864	1770677022.1089134_1642.hamsa,U=3882:2,	1770677022.1089134_1642.hamsa:2,	2313d060e60ed5b4ca765cff7876ad273269c6c5018a0b675fdd9c3aed7a64ce	2313d060e60ed5b4ca765cff7876ad273269c6c5018a0b675fdd9c3aed7a64ce	OK
3895	25885	1770677023.1089134_1655.hamsa,U=3895:2,	1770677023.1089134_1655.hamsa:2,	48a112b434f92c67a94afe0f78e04d5595e500f4a8a6e15b4c63e02f8e614a4e	48a112b434f92c67a94afe0f78e04d5595e500f4a8a6e15b4c63e02f8e614a4e	OK
3958	26395	1770677026.1089134_1718.hamsa,U=3958:2,	1770677026.1089134_1718.hamsa:2,	5770888fee65b6d2bf37edeea053f6ac5aeb74763ebf4395d1e71d0f1baaffc8	5770888fee65b6d2bf37edeea053f6ac5aeb74763ebf4395d1e71d0f1baaffc8	OK
4179	29117	1770677047.1089134_1939.hamsa,U=4179:2,	1770677047.1089134_1939.hamsa:2,	26c97a889fa43a7abcf90d6f805b8ed4b33f2a4ac38c9988dd33b44e8dac7c71	26c97a889fa43a7abcf90d6f805b8ed4b33f2a4ac38c9988dd33b44e8dac7c71	OK
4187	29198	1770677047.1089134_1947.hamsa,U=4187:2,F	1770677047.1089134_1947.hamsa:2,F	3078c4f6a4752a1768fac8f7e71de7540e9035c47a83ed0dd31c678bc312d94b	3078c4f6a4752a1768fac8f7e71de7540e9035c47a83ed0dd31c678bc312d94b	OK
4188	29200	1770677047.1089134_1948.hamsa,U=4188:2,	1770677047.1089134_1948.hamsa:2,	90808930ced063e8bcba2299b23d0b675a7ae27a8274827a080594a52ce92664	90808930ced063e8bcba2299b23d0b675a7ae27a8274827a080594a52ce92664	OK
4258	29771	1770677050.1089134_2018.hamsa,U=4258:2,	1770677050.1089134_2018.hamsa:2,	b4c04ec540381408a2afce8a44b4645aefa0e1b7455b773f7f6b0f04366309f1	b4c04ec540381408a2afce8a44b4645aefa0e1b7455b773f7f6b0f04366309f1	OK
4262	29781	1770677050.1089134_2022.hamsa,U=4262:2,	1770677050.1089134_2022.hamsa:2,	78615f81872b35df40bdb8a0b0b6271512b661d9d15df2e3190c7f13af4cf3fc	78615f81872b35df40bdb8a0b0b6271512b661d9d15df2e3190c7f13af4cf3fc	OK
4359	30467	1770677052.1089134_2119.hamsa,U=4359:2,	1770677052.1089134_2119.hamsa:2,	48d60383709c9b379e47408c5645816b2914a13387f1ef0445a42be29a2223f5	48d60383709c9b379e47408c5645816b2914a13387f1ef0445a42be29a2223f5	OK
4464	31230	1770677054.1089134_2224.hamsa,U=4464:2,	1770677054.1089134_2224.hamsa:2,	00c4f35cf7431e1ab02ca0faa70b3c6f244da8d131df3081efb39af40c73d5d8	00c4f35cf7431e1ab02ca0faa70b3c6f244da8d131df3081efb39af40c73d5d8	OK
4488	31461	1770677055.1089134_2248.hamsa,U=4488:2,	1770677055.1089134_2248.hamsa:2,	1932275f0dde4465b3b6e8811e5f5fbfdae272cf72385b5cff2b14c2b5e16960	1932275f0dde4465b3b6e8811e5f5fbfdae272cf72385b5cff2b14c2b5e16960	OK
4502	31529	1770677056.1089134_2262.hamsa,U=4502:2,	1770677056.1089134_2262.hamsa:2,	39b4e76701980ba120d40fb836cf6910e62df9b90e74230ffd3de0991faff36f	39b4e76701980ba120d40fb836cf6910e62df9b90e74230ffd3de0991faff36f	OK
4503	31538	1770677056.1089134_2263.hamsa,U=4503:2,	1770677056.1089134_2263.hamsa:2,	cfe04ebb6c2aa886a24b87e9f4284c38d4524fc4a4f40154052c4dff4296abb2	cfe04ebb6c2aa886a24b87e9f4284c38d4524fc4a4f40154052c4dff4296abb2	OK
4507	31549	1770677056.1089134_2267.hamsa,U=4507:2,	1770677056.1089134_2267.hamsa:2,	32fdb3643d3c9b9d6b754be04e77106719fb82799e18097bb3c186c08b7c4017	32fdb3643d3c9b9d6b754be04e77106719fb82799e18097bb3c186c08b7c4017	OK
4547	31858	1770677056.1089134_2307.hamsa,U=4547:2,	1770677056.1089134_2307.hamsa:2,	7790b8257d5ff02c817fbb354b8a8fecd07f1995b0d3716a867f7d09a574d133	7790b8257d5ff02c817fbb354b8a8fecd07f1995b0d3716a867f7d09a574d133	OK
4559	31924	1770677056.1089134_2319.hamsa,U=4559:2,	1770677056.1089134_2319.hamsa:2,	49cbcab00ceb983fc0a72005e74c03e62e043d2eac52e1e401ffbaa2275b56cd	49cbcab00ceb983fc0a72005e74c03e62e043d2eac52e1e401ffbaa2275b56cd	OK
4567	31989	1770677056.1089134_2327.hamsa,U=4567:2,	1770677056.1089134_2327.hamsa:2,	56eb73fa38e4a0ce5030ee589dc655c9f5bb76b67d414e11448cdf3ccf4e77a0	56eb73fa38e4a0ce5030ee589dc655c9f5bb76b67d414e11448cdf3ccf4e77a0	OK
4677	32874	1771454083.2204375_1.hamsa,U=4677:2,	1771454083.2204375_1.hamsa:2,	8c4a60f7037a559710f6133c2b3b15525527b59c8ef5d673ca61be64f09d344e	8c4a60f7037a559710f6133c2b3b15525527b59c8ef5d673ca61be64f09d344e	OK
4741	33452	1783040550.969722_55.hamsa,U=4741:2,	1783040550.969722_55.hamsa:2,	32bf8f0c5ac6899a2e152d67779f50a9d4630212d30fc08072b7d5ef2f96d418	32bf8f0c5ac6899a2e152d67779f50a9d4630212d30fc08072b7d5ef2f96d418	OK
4757	33530	1783040550.969722_71.hamsa,U=4757:2,	1783040550.969722_71.hamsa:2,	f740c8cc186a3b46fbb39dfc24f8bd474fce36a9bac195924d24ca609ec62549	f740c8cc186a3b46fbb39dfc24f8bd474fce36a9bac195924d24ca609ec62549	OK
4758	33535	1783040550.969722_72.hamsa,U=4758:2,	1783040550.969722_72.hamsa:2,	2a2e60cb2d4e264131e1b3e9448e19d27d173ff8fa62a72b1b1e287fc23aa02f	2a2e60cb2d4e264131e1b3e9448e19d27d173ff8fa62a72b1b1e287fc23aa02f	OK
4900	34640	1783040556.969722_214.hamsa,U=4900:2,	1783040556.969722_214.hamsa:2,	d84a0da3ff33fbfecc30fa3333e0a4288f82f9c40d9f48d89c7144a431a108d6	d84a0da3ff33fbfecc30fa3333e0a4288f82f9c40d9f48d89c7144a431a108d6	OK
5007	35563	1783040562.969722_321.hamsa,U=5007:2,	1783040562.969722_321.hamsa:2,	e330c7f877d6eeef26cecc4bba5a967b716d91b90d34db967421275287250acc	e330c7f877d6eeef26cecc4bba5a967b716d91b90d34db967421275287250acc	OK
5106	36641	1783040571.969722_420.hamsa,U=5106:2,	1783040571.969722_420.hamsa:2,	dad2ca0cdc2755b17a61aa7f3aa657821c528320b7c94a066e835b2c7ba192e9	dad2ca0cdc2755b17a61aa7f3aa657821c528320b7c94a066e835b2c7ba192e9	OK
5118	36753	1783040571.969722_432.hamsa,U=5118:2,	1783040571.969722_432.hamsa:2,	4aa71570cb8cd88bb86587118c571105fe23708e5257f33830431e5ca0c94962	4aa71570cb8cd88bb86587118c571105fe23708e5257f33830431e5ca0c94962	OK
